Year, Date, Full date, Days of year passed,Days in a year,Days left in a year,Percentage of year Earth lasted,Percentage of year left when Earth run out
1970, December 29, 12/29/1970,362,365,3,99.18,0.82
1971, December 20, 12/20/1971,353,365,12,96.71,3.29
1972, December 10, 12/10/1972,344,366,22,93.99,6.01
1973, November 26, 11/26/1973,329,365,36,90.14,9.86
1974, November 27, 11/27/1974,330,365,35,90.41,9.59
1975, November 30, 11/30/1975,333,365,32,91.23,8.77
1976, November 16, 11/16/1976,320,366,46,87.43,12.57
1977, November 11, 11/11/1977,314,365,51,86.03,13.97
1978, November 7, 11/07/1978,310,365,55,84.93,15.07
1979, October 29, 10/29/1979,301,365,64,82.47,17.53
1980, November 4, 11/04/1980,308,366,58,84.15,15.85
1981, November 11, 11/11/1981,314,365,51,86.03,13.97
1982, November 15, 11/15/1982,318,365,47,87.12,12.88
1983, November 14, 11/14/1983,317,365,48,86.85,13.15
1984, November 6, 11/06/1984,310,366,56,84.7,15.3
1985, November 4, 11/04/1985,307,365,58,84.11,15.89
1986, October 30, 10/30/1986,302,365,63,82.74,17.26
1987, October 23, 10/23/1987,295,365,70,80.82,19.18
1988, October 15, 10/15/1988,288,366,78,78.69,21.31
1989, October 11, 10/11/1989,283,365,82,77.53,22.47
1990, October 11, 10/11/1990,283,365,82,77.53,22.47
1991, October 10, 10/10/1991,282,365,83,77.26,22.74
1992, October 12, 10/12/1992,285,366,81,77.87,22.13
1993, October 12, 10/12/1993,284,365,81,77.81,22.19
1994, October 10, 10/10/1994,282,365,83,77.26,22.74
1995, October 4, 10/04/1995,276,365,89,75.62,24.38
1996, October 2, 10/02/1996,275,366,91,75.14,24.86
1997, September 29, 09/29/1997,271,365,94,74.25,25.75
1998, September 29, 09/29/1998,271,365,94,74.25,25.75
1999, September 29, 09/29/1999,271,365,94,74.25,25.75
2000, September 23, 09/23/2000,266,366,100,72.68,27.32
2001, September 22, 09/22/2001,264,365,101,72.33,27.67
2002, September 19, 09/19/2002,261,365,104,71.51,28.49
2003, September 9, 09/09/2003,251,365,114,68.77,31.23
2004, September 1, 09/01/2004,244,366,122,66.67,33.33
2005, August 25, 08/25/2005,236,365,129,64.66,35.34
2006, August 19, 08/19/2006,230,365,135,63.01,36.99
2007, August 14, 08/14/2007,225,365,140,61.64,38.36
2008, August 14, 08/14/2008,226,366,140,61.75,38.25
2009, August 18, 08/18/2009,229,365,136,62.74,37.26
2010, August 7, 08/07/2010,218,365,147,59.73,40.27
2011, August 4, 08/04/2011,215,365,150,58.9,41.1
2012, August 4, 08/04/2012,216,366,150,59.02,40.98
2013, August 3, 08/03/2013,214,365,151,58.63,41.37
2014, August 4, 08/04/2014,215,365,150,58.9,41.1
2015, August 5, 08/05/2015,216,365,149,59.18,40.82
2016, August 5, 08/05/2016,217,366,149,59.29,40.71
2017, August 1, 08/01/2017,212,365,153,58.08,41.92
2018, July 29, 07/29/2018,209,365,156,57.26,42.74
2019, July 29, 07/29/2019,209,365,156,57.26,42.74
2020, August 22, 08/22/2020,234,366,132,63.93,36.07
2021, July 28, 07/29/2021,209,365,156,57.26,42.74
